iter	Passed	Remaining
0	0	28
1	0	27
2	0	25
3	0	23
4	0	21
5	0	20
6	0	24
7	1	24
8	1	27
9	1	27
10	1	27
11	2	31
12	2	31
13	2	30
14	2	33
15	2	34
16	3	33
17	3	33
18	3	32
19	3	32
20	3	32
21	3	31
22	4	30
23	4	30
24	4	29
25	4	29
26	4	28
27	4	28
28	4	27
29	4	27
30	5	28
31	5	28
32	5	27
33	5	27
34	5	27
35	5	26
36	6	26
37	6	26
38	6	25
39	6	25
40	6	25
41	6	24
42	6	24
43	6	24
44	7	24
45	7	23
46	7	23
47	7	23
48	7	22
49	7	22
50	7	22
51	7	21
52	7	21
53	7	21
54	7	21
55	8	20
56	8	20
57	8	20
58	8	20
59	8	20
60	10	22
61	10	22
62	10	22
63	10	22
64	10	22
65	10	22
66	10	21
67	11	21
68	11	21
69	11	20
70	11	20
71	11	20
72	11	20
73	11	19
74	11	19
75	11	19
76	11	19
77	12	18
78	12	18
79	12	18
80	12	18
81	12	18
82	12	17
83	12	17
84	12	17
85	13	17
86	13	17
87	13	16
88	13	16
89	13	16
90	13	16
91	13	16
92	13	16
93	14	15
94	14	15
95	14	15
96	14	15
97	14	15
98	14	15
99	14	14
100	15	14
101	15	14
102	15	14
103	15	14
104	15	14
105	15	14
106	15	13
107	16	13
108	16	13
109	16	13
110	16	13
111	16	13
112	16	12
113	16	12
114	17	12
115	17	12
116	17	12
117	17	12
118	17	11
119	17	11
120	17	11
121	18	11
122	18	11
123	18	11
124	18	11
125	18	10
126	18	10
127	18	10
128	19	10
129	19	10
130	19	10
131	19	9
132	19	9
133	19	9
134	19	9
135	19	9
136	21	9
137	21	9
138	21	9
139	21	9
140	21	9
141	21	8
142	21	8
143	22	8
144	22	8
145	22	8
146	22	8
147	22	7
148	22	7
149	22	7
150	22	7
151	23	7
152	23	7
153	23	6
154	23	6
155	23	6
156	23	6
157	23	6
158	24	6
159	24	6
160	24	5
161	24	5
162	24	5
163	24	5
164	24	5
165	25	5
166	25	4
167	25	4
168	25	4
169	25	4
170	25	4
171	25	4
172	25	4
173	25	3
174	26	3
175	26	3
176	26	3
177	26	3
178	26	3
179	26	2
180	26	2
181	26	2
182	27	2
183	27	2
184	27	2
185	27	2
186	27	1
187	27	1
188	27	1
189	27	1
190	27	1
191	27	1
192	27	1
193	28	0
194	28	0
195	28	0
196	28	0
197	28	0
198	28	0
199	28	0
